,issuerid,EMITENT_FULL_NAME,combined
0,1,"Акционерный коммерческий банк ""Держава"" публичное акционерное общество","['Держава', 'DERZP', 'Державы', 'DERZHAVA', 'DERZ']"
1,2,"""МОСКОВСКИЙ КРЕДИТНЫЙ БАНК"" (публичное акционерное общество)","['МОСКОВСКИЙ КРЕДИТНЫЙ БАНК', 'CBOM RX', 'Московского кредитного банка', 'мкб', 'Credit Bank of Moscow', 'Credit Bank']"
2,3,"""Российский акционерный коммерческий дорожный банк"" (публичное акционерное общество)","['Российский акционерный коммерческий дорожный банк', 'RDRB', 'Российский акционерный коммерческий дорожный банк', 'РДБанк', 'Дорожный банк', 'Russian public joint-stock commercial roads Bank', 'RosDorBank', 'РосДорБанк', 'roads Bank']"
3,4,"Акционерная компания ""АЛРОСА"" (публичное акционерное общество)","['АЛРОСА', 'ALRS RX', 'алросы', 'alrosa']"
4,5,"Акционерный Коммерческий банк ""АВАНГАРД"" - публичное акционерное общество","['АВАНГАРД', 'AVAN', 'Авангарда', 'AVANGARD']"
5,6,"акционерный коммерческий банк ""Приморье""  (публичное акционерное общество)","['Приморье', 'Приморья', 'PRMB', 'АКБ Приморье', 'АКБ ""Приморье""', 'банк ""Приморье""', 'банк Приморье', 'primbank', 'PJSCB ""Primorye""', 'PJSCB Primorye', 'public joint-stock commercial bank ""Primorye""', 'bank ""Primorye""', 'bank Primorye']"
6,7,Банк ВТБ (публичное акционерное общество),"['Банк ВТБ', 'VTBR RX', 'ВТБ', 'VTB']"
7,8,Иркутское публичное акционерное общество энергетики и электрификации,"['Иркутское публичное акционерное общество энергетики и электрификации', 'IRGZ', 'Иркутскэнерго', 'ИркЭнерго', 'Irkutskenergo']"
8,9,"Казанское публичное акционерное общество ""Органический синтез""","['Органический синтез', 'KZOS', 'Органического синтеза', 'Казаньоргсинтез', 'kazanorgsintez']"
9,10,"Ленское золотодобывающее публичное акционерное общество ""Лензолото""","['Лензолото', 'LNZL', 'Лензолота', 'Lenzoloto']"
10,11,"Международная компания публичное акционерное общество ""Объединённая Компания ""РУСАЛ""","['РУСАЛ', 'RUAL RX', 'Объединённая компания ""Русал""', 'русала', 'rusal']"
11,12,"Международная компания публичное акционерное общество ""ЭН+ ГРУП""","['ЭН+ ГРУП', 'ENPG RX', 'ENPL', 'эн+ груп', 'En+ Group', 'EN+ Group Plc']"
12,13,"Открытое акционерное общество ""Белон""","['Белон', 'BLNG', 'Белона', 'belon']"
13,14,"Открытое акционерное общество ""Донской завод радиодеталей""","['Донской завод радиодеталей', 'DZRD', 'Донского завода радиодеталей', 'ДЗРД']"
14,15,"Открытое акционерное общество ""Левенгук""","['Левенгук', 'LVHK', 'Левенгука', 'levenhuk']"
15,16,"Открытое акционерное общество ""Липецкая энергосбытовая компания""","['Липецкая энергосбытовая компания', 'LPSB', 'LPSBG', 'Липецкая энергосбытовая компания', 'Липецкая ЭСК', 'ЛЭСК', 'lesk']"
16,17,"Открытое акционерное общество ""Межрегиональная распределительная сетевая компания Урала""","['Межрегиональная распределительная сетевая компания Урала', 'MRKU', 'Межрегиональная распределительная сетевая компания Урала', 'МРСК Урала', 'Россети Урал', 'rosseti ural']"
17,18,"Открытое акционерное общество ""Мультисистема""","['Мультисистема', 'MSST', 'Мультисистемы', 'multisistema']"
18,19,"Открытое акционерное общество ""Научно-производственное объединение ""Физика""","['Научно-производственное объединение ""Физика""', 'NPOF', 'Научно-производственное объединение ""Физика""', 'НПО ""Физика""', 'НПО Физика', 'npofizika']"
19,20,"Открытое акционерное общество ""Соликамский магниевый завод""","['Соликамский магниевый завод', 'MGNZ', 'MGNZG', 'Соликамского магниевого завода', 'ОАО ""СМЗ""', 'ОАО СМЗ']"
20,21,"Публичное  акционерное общество ""Русская Аквакультура""","['Русская Аквакультура', 'AQUA', 'Инаркт1Р1', 'Инарктика', 'Инарктики', 'Русская Аквакультура', 'inarctica', 'Русское море']"
21,22,"Публичное акционерное общество ""Абрау – Дюрсо""","['Абрау – Дюрсо', 'ABRD', 'Абрау – Дюрсо', 'abraudurso', 'Абрау Дюрсо', 'Абрау']"
22,23,"Публичное акционерное общество ""Авиакомпания ""ЮТэйр""","['ЮТэйр', 'UTAR', 'ЮТэйра']"
23,24,"Публичное акционерное общество ""Акрон""","['Акрон', 'AKRN RX', 'акрона', 'Acron']"
24,25,"Публичное акционерное общество ""Акционерная нефтяная Компания ""Башнефть""","['Башнефть', 'BANE RX', 'Башнефти']"
25,26,"Публичное акционерное общество ""Акционерная финансовая корпорация ""Система""","['Акционерная финансовая корпорация ""Система""', 'AFKS RX', 'АФК Система', 'Система', 'АФК Системы']"
26,27,"Публичное акционерное общество ""АЛРОСА-Нюрба""","['АЛРОСА-Нюрба', 'ALNU RX', 'Алроса', 'Alrosa', 'Алросы']"
27,28,"Публичное акционерное общество ""Аптечная сеть 36,6""","['Аптечная сеть 36,6', 'APTK RX']"
28,29,"Публичное акционерное общество ""АСКО-СТРАХОВАНИЕ""","['АСКО-СТРАХОВАНИЕ', 'ACKO']"
29,30,"Публичное акционерное общество ""Астраханская энергосбытовая компания""","['Астраханская энергосбытовая компания', 'ASSB', 'Астраханская ЭСБ']"
30,31,"Публичное акционерное общество ""Ашинский металлургический завод""","['Ашинский металлургический завод', 'AMEZ']"
31,32,"Публичное акционерное общество ""Аэрофлот – российские авиалинии""","['Аэрофлот – российские авиалинии', 'AFLT RX', 'Аэрофлот', 'Aeroflot', 'Аэрофлота']"
32,33,"ПУБЛИЧНОЕ АКЦИОНЕРНОЕ ОБЩЕСТВО ""БАНК ""САНКТ-ПЕТЕРБУРГ""","['БАНК ""САНКТ-ПЕТЕРБУРГ""', 'BSPB RX', 'Банк Санкт-Петербург', 'БСПБ', 'Банк Петербург', 'СПБ Банк', 'СПБ Банка']"
33,34,"Публичное акционерное общество ""БАНК УРАЛСИБ""","['БАНК УРАЛСИБ', 'USBN', 'УРАЛСИБ', 'УРАЛСИБа', 'uralsib']"
34,35,"Публичное акционерное общество ""Башинформсвязь""","['Башинформсвязь', 'BISV', 'Башинформсвязи']"
35,36,"Публичное акционерное общество ""Белуга Групп""","['Белуга Групп', 'BELU RX', 'Белуга', 'Белуги', 'Beluga']"
36,37,"Публичное акционерное общество ""Бест Эффортс Банк""","['Бест Эффортс Банк', 'ALBK']"
37,38,"Публичное акционерное общество ""Бурятзолото""","['Бурятзолото', 'BRZL']"
38,39,"Публичное акционерное общество ""Варьеганнефтегаз""","['Варьеганнефтегаз', 'VJGZ']"
39,40,"Публичное акционерное общество ""Владимирский химический завод""","['Владимирский химический завод', 'VLHZ']"
40,41,"Публичное акционерное общество ""Волгоградэнергосбыт""","['Волгоградэнергосбыт', 'VGSB']"
41,42,"Публичное акционерное общество ""Вторая генерирующая компания оптового рынка электроэнергии""","['Вторая генерирующая компания оптового рынка электроэнергии', 'OGKB']"
42,43,"Публичное акционерное общество ""Выборгский судостроительный завод""","['Выборгский судостроительный завод', 'VSYD']"
43,44,"Публичное акционерное общество ""ГАЗ""","['ГАЗ', 'ГАЗа', 'GAZA', 'группа ""ГАЗ""', 'группа ГАЗ', 'ПАО Газ', 'ПАО ""Газ""']"
44,45,"Публичное акционерное общество ""ГАЗКОН""","['ГАЗКОН', 'GAZC', 'газкона', 'газкон-ао']"
45,46,"Публичное акционерное общество ""Газпром газораспределение Ростов-на-Дону""","['Газпром газораспределение Ростов-на-Дону', 'RTGZ', 'ПАО ""Газпром газораспределение Ростов-на-Дону""', 'rostovoblgaz', 'Газпром РнД', 'Ростовоблгаз']"
46,47,"Публичное акционерное общество ""Газпром нефть""","['Газпром нефть', 'SIBN RX', 'ПАО ""Газпром нефть""', 'Газпром нефти', 'Gazprom Neft']"
47,48,"Публичное акционерное общество ""Газпром""","['Газпром', 'GAZP RX', 'ПАО ""Газпром""', 'Газпрома', 'Gazprom', 'gazp']"
48,49,"Публичное акционерное общество ""ГАЗ-сервис""","['ГАЗ-сервис', 'ГАЗ-сервиса', 'GAZS', 'ПАО ""ГАЗ-сервис""', 'gas-service']"
49,50,"Публичное акционерное общество ""ГАЗ-Тек""","['ГАЗ-Тек', 'gazt', 'газ-тэк', 'газ-тэка', 'gaz-tec']"
50,51,"Публичное акционерное общество ""ГЕОТЕК Сейсморазведка""","['ГЕОТЕК Сейсморазведка', 'GTSS', 'геотек', 'геотека', 'gseis', 'ПАО «ГЕОТЕК Сейсморазведка»']"
51,52,"Публичное акционерное общество ""ГЛОБАЛТРАК МЕНЕДЖМЕНТ""","['ГЛОБАЛТРАК МЕНЕДЖМЕНТ', 'GTRK', 'Глобалтрак', 'Глобалтрака', 'Globaltruck']"
52,53,"Публичное акционерное общество ""Горно-металлургическая компания ""Норильский никель""","['Норильский никель', 'GMKN RX', 'Норникель', 'Норникеля', 'ПАО ""Горно-металлургическая компания ""Норильский никель""', 'ПАО ""ГМК ""Норильский никель""', 'Nornickel', 'Норильский никель']"
53,54,"Публичное акционерное общество ""Городские Инновационные Технологии""","['Городские Инновационные Технологии', 'GRNT', 'ПАО «Городские Инновационные Технологии', 'ПАО ""ГИТ""', 'Городские Инновационные Технологии', 'ГИТ']"
54,55,"Публичное акционерное общество ""Группа Компаний  ""Роллман""","['Роллман', 'RLMN', 'Роллмана', 'Rollman']"
55,56,"публичное акционерное общество ""Группа компаний ""Самолет""","['Группа компаний ""Самолет""', 'SMLT RX', 'Самолет', 'Самолета', 'Samolet', 'группа самолет']"
56,57,"Публичное акционерное общество ""Группа ЛСР""","['Группа ЛСР', 'LSRG RX', 'ЛСР']"
57,58,"Публичное акционерное общество ""Группа Черкизово""","['Группа Черкизово', 'GCHE RX', 'Черкизово', 'Cherkizovo']"
58,59,"Публичное акционерное общество ""Дагестанская энергосбытовая компания""","['Дагестанская энергосбытовая компания', 'DASB', 'ДагСб', 'Дагестанэнергосбыт', 'Dagestanskaya Energosbytovaya']"
59,60,"Публичное акционерное общество ""Дальневосточная энергетическая компания""","['Дальневосточная энергетическая компания', 'DVEC', 'ДЭК', 'Дальневосточная энергетическая компания']"
60,61,"Публичное акционерное общество ""Дальневосточное морское пароходство""","['Дальневосточное морское пароходство', 'FESH', 'ДВМП', 'FESCO', 'Дальневосточное морское пароходство']"
61,62,"Публичное акционерное общество ""Детский мир""","['Детский мир', 'DSKY RX', 'Детского мира', 'Detsky Mir', 'Детмир']"
62,63,"Публичное акционерное общество ""ДжиТиЭл""","['ДжиТиЭл', 'GTLC', 'ДжиТиЭл', 'GTL']"
63,64,"Публичное акционерное общество ""Европейская Электротехника""","['Европейская Электротехника', 'EELT', 'Европейская Электротехника', 'Yevropyeyskaya Elyektrotyekhnika']"
64,65,"Публичное акционерное общество ""Завод имени И.А. Лихачева""","['Завод имени И.А. Лихачева', 'ZILL', 'Завод имени И.А. Лихачева', 'ЗИЛ', 'ЗИЛа', 'ZIL', 'Завод имени Лихачёва']"
65,66,"Публичное акционерное общество ""ЗВЕЗДА""","['ЗВЕЗДА', 'ZVEZ', 'Звезды', 'ZVEZDA']"
66,67,"Публичное акционерное общество ""Ижсталь""","['Ижсталь', 'IGST', 'Ижстали', 'Ижевский металлургический завод', ""Izhstal'""]"
67,68,"Публичное акционерное общество ""ИНВЕСТ-ДЕВЕЛОПМЕНТ""","['ИНВЕСТ-ДЕВЕЛОПМЕНТ', 'IDVP', 'инвест-девелопмент', 'invest-development']"
68,69,"Публичное акционерное общество ""ИНВЕСТИЦИОННАЯ КОМПАНИЯ ИК РУСС-ИНВЕСТ""","['ИНВЕСТИЦИОННАЯ КОМПАНИЯ ИК РУСС-ИНВЕСТ', 'RUSI', 'Руссинвест', 'ИК Русс-Инвест', 'Russ-Invest', 'Русс-Инвест', 'Russinvest', 'Русс-Инвест ИК']"
69,70,"Публичное акционерное общество ""ИНГРАД""","['ИНГРАД', 'INGR RX', 'OPIN', 'Инграда', 'Ingrad', 'Ingr', 'Инград (ПАО)', 'ПАО Инград']"
70,71,"Публичное акционерное общество ""Институт Стволовых Клеток Человека""","['Институт Стволовых Клеток Человека', 'ISKJ', 'ИСКЧ', 'Институт Стволовых Клеток Человека']"
71,72,"Публичное акционерное общество ""Интер РАО ЕЭС""","['Интер РАО ЕЭС', 'IRAO RX', 'Интер РАО', 'Inter Rao', 'Интер РАО ЕЭС Финанс']"
72,73,"Публичное акционерное общество ""Калужская сбытовая компания""","['Калужская сбытовая компания', 'KLSB', 'КСК', 'КЛСБ', 'Калужская сбытовая компания', 'Калужская СбытКомп', 'Kalujskaya Sbytovaya']"
73,74,"Публичное акционерное общество ""КАМАЗ""","['КАМАЗ', 'KMAZ RX', 'Камаза', 'Kamaz']"
74,75,"Публичное акционерное общество ""Каменск-Уральский завод по обработке цветных металлов""","['Каменск-Уральский завод по обработке цветных металлов', 'KUNF', 'Кузоцм', 'Kuzocm']"
75,76,"Публичное акционерное общество ""Квадра - Генерирующая компания""","['Квадра - Генерирующая компания', 'TGKD', 'АО Квадра', 'quadra', 'квадра', 'пао квадра']"
76,77,"публичное акционерное общество ""Ковровский механический завод""","['Ковровский механический завод', 'KMEZ', 'ПАО КМЗ', 'Ковровский мехзд', 'Ковровский механический завод', 'kvmz']"
77,78,"Публичное акционерное общество ""Кокс""","['Кокс', 'KSGR', 'ПАО кокс', 'кокса', 'koks']"
78,79,"публичное акционерное общество ""Корпорация ВСМПО-АВИСМА""","['Корпорация ВСМПО-АВИСМА', 'VSMO', 'Корпорация ВСМПО-АВИСМА', 'ВСМПО-АВИСМА', 'VSMPO-AVISMA Corporation', 'VSMPO-AVISMA', 'ВСМПО-АВСМ', 'ВСМПО']"
79,80,"Публичное акционерное общество ""Коршуновский горно-обогатительный комбинат""","['Коршуновский горно-обогатительный комбинат', 'KOGK', 'Коршуновский гок', 'Korshunov Mining Plant', 'Korgok']"
80,81,"Публичное акционерное общество ""Косогорский металлургический завод""","['Косогорский металлургический завод', 'KMTZ', 'Косогорский металлургический завод', 'ПАО КМЗ', 'KGIW']"
81,82,"Публичное акционерное общество ""Костромская сбытовая компания""","['Костромская сбытовая компания', 'KTSB', 'КСК', 'Костромская сбытовая компания', 'Kostromskaya sbytovaya kompaniya', 'KSK']"
82,83,"Публичное акционерное общество ""Краснокамский завод металлических сеток""","['Краснокамский завод металлических сеток', 'KZMS', 'КЗМС', 'Краснокамский завод металлических сеток', 'Россет', 'Rosset']"
83,84,"Публичное акционерное общество ""Красноярскэнергосбыт""","['Красноярскэнергосбыт', 'KRSB', 'Красноярскэнергосбыт', 'krsk-sbit']"
84,85,"Публичное акционерное общество ""Кузбасская Топливная Компания""","['Кузбасская Топливная Компания', 'KBTK', 'Кузбасская топливная компания', 'КТК', 'KTK', 'ПАО КТК']"
85,86,"Публичное акционерное общество ""КуйбышевАзот""","['КуйбышевАзот', 'KAZT', 'КуйбышевАзот', 'kuazot', 'Куйбазот']"
86,87,"Публичное акционерное общество ""Курганская генерирующая компания""","['Курганская генерирующая компания', 'KGKC', 'Курганская генерирующая компания', 'Курганская ГК', 'КГК', 'ПАО КГК', 'KGK', 'Kurgancskaya Generiruyushaya']"
87,88,"Публичное акционерное общество ""М.видео""","['М.видео', 'MVID RX', 'Мвидео', 'Mvideo', 'M.video']"
88,89,"Публичное акционерное общество ""Магнит""","['Магнит', 'MGNT RX', 'Магнита', 'Magnit', 'Mgnt', 'ПАО Магнит', 'Магнит ПАО']"
89,90,"Публичное акционерное общество ""Магнитогорский металлургический комбинат""","['Магнитогорский металлургический комбинат', 'MAGN RX', 'ММК', 'Magnitigorskiy Metallurgicheskiy', 'Магнитогорский металлургический комбинат', 'Магнитка']"
90,91,"Публичное акционерное общество ""МегаФон""","['МегаФон', 'MFON RX', 'Мегафона', 'Megafon', 'ПАО Мегафон', 'Мегафон ПАО']"
91,92,"Публичное акционерное общество ""Медиахолдинг""","['Медиахолдинг', 'ODVA']"
92,93,"Публичное акционерное общество ""Международный Медицинский Центр Обработки и Криохранения Биоматериалов""","['Международный Медицинский Центр Обработки и Криохранения Биоматериалов', 'GEMA']"
93,94,"Публичное акционерное общество ""Межрегиональная распределительная сетевая компания Северо-Запада""","['Межрегиональная распределительная сетевая компания Северо-Запада', 'MRKZ']"
94,95,"Публичное акционерное общество ""Межрегиональная распределительная сетевая компания Центра и Приволжья""","['Межрегиональная распределительная сетевая компания Центра и Приволжья', 'MRKP']"
95,96,"Публичное акционерное общество ""Межрегиональная распределительная сетевая компания Центра""","['Межрегиональная распределительная сетевая компания Центра', 'MRKC']"
96,97,"Публичное акционерное общество ""МЕРИДИАН""","['МЕРИДИАН', 'MERF', 'МЕРИДИАНа', 'meridian']"
97,98,"Публичное акционерное общество ""МЕТКОМБАНК""","['МЕТКОМБАНК', 'MTKB', 'МЕТКОМБАНКа']"
98,99,"Публичное акционерное общество ""Мечел""","['Мечел', 'MTLR RX', 'мечела', 'mechel', 'mtlrp']"
99,100,"Публичное акционерное общество ""Мобильные ТелеСистемы""","['Мобильные ТелеСистемы', 'MTSS RX', 'MTC', 'МТСа', 'mts']"
100,101,"Публичное акционерное общество ""Мордовская энергосбытовая компания""","['Мордовская энергосбытовая компания', 'MRSB']"
101,102,"Публичное акционерное общество ""Морион""","['Морион', 'MORI', 'Мориона', 'morion']"
102,103,"Публичное акционерное общество ""Московская Биржа ММВБ-РТС""","['Московская Биржа ММВБ-РТС', 'MOEX RX', 'Мосбиржа', 'Московская биржа', 'Мосбиржи']"
103,104,"Публичное акционерное общество ""Московская городская телефонная сеть""","['Московская городская телефонная сеть', 'MGTS RX', 'мгтс', 'мгтса']"
104,105,"Публичное акционерное общество ""Московская кондитерская фабрика ""Красный Октябрь""","['Красный Октябрь', 'KROT', 'KROTP', 'Красного Октября']"
105,106,"Публичное акционерное общество ""МОСТОТРЕСТ""","['МОСТОТРЕСТ', 'mstt', 'мостотреста']"
106,107,"Публичное акционерное общество ""Наука-Связь""","['Наука-Связь', 'NSVZ', 'наука-связи']"
107,108,"публичное акционерное общество ""Научно-производственная корпорация ""Иркут""","['Иркут', 'IRKT RX', 'Иркута']"
108,109,"Публичное акционерное общество ""Научно-производственная корпорация ""Объединенная Вагонная Компания""","['Объединенная Вагонная Компания', 'UWGN RX', 'Объединенной Вагонной Компании']"
109,110,"Публичное акционерное общество ""Нефтекамский автозавод""","['Нефтекамский автозавод', 'NFAZ', 'нефаз', 'Нефтекамского автозавода']"
110,111,"Публичное акционерное общество ""Нефтяная компания ""ЛУКОЙЛ""","['ЛУКОЙЛ', 'LKOH RX', 'ЛУКОЙЛа']"
111,112,"публичное акционерное общество ""Нефтяная компания ""Роснефть""","['Роснефть', 'ROSN RX', 'роснефть', 'rosneft', 'роснефти']"
112,113,"Публичное Акционерное Общество ""Нижнекамскнефтехим""","['Нижнекамскнефтехим', 'NKNCP', 'NKNC', 'Нижнекамскнефтехим']"
113,114,"Публичное акционерное общество ""Нижнекамскшина""","['Нижнекамскшина', 'NKSHP', 'NKSH', 'Нижнекамскшина']"
114,115,"публичное акционерное общество ""НОВАТЭК""","['НОВАТЭК', 'NVTK RX', 'Новатэк', 'Novatek', 'Новатэка']"
115,116,"Публичное акционерное общество ""Новолипецкий металлургический комбинат""","['Новолипецкий металлургический комбинат', 'NLMK RX', 'НЛМК']"
116,117,"Публичное акционерное общество ""Новороссийский комбинат хлебопродуктов""","['Новороссийский комбинат хлебопродуктов', 'NKHP', 'новороссийский комбинат хлебопродуктов', 'нкхп']"
117,118,"Публичное акционерное общество ""Новороссийский морской торговый порт""","['Новороссийский морской торговый порт', 'nmtp', 'нмтп', 'новороссийский морской порт', 'новороссийский морской торговый порт']"
118,119,"Публичное акционерное общество ""Новороссийское морское пароходство""","['Новороссийское морское пароходство', 'nompp', 'новошип', 'новороссийское морское пароходство']"
119,120,"Публичное акционерное общество ""Объединенная авиастроительная корпорация""","['Объединенная авиастроительная корпорация', 'UNAC RX', 'ПАО ОАК', 'ПАО ""ОАК""', 'объединенная авиастроительная корпорация']"
120,121,"Публичное акционерное общество ""Объединенные Кредитные Системы""","['Объединенные Кредитные Системы', 'UCSS', 'Кредитные системы', 'Объединенные Кредитные Системы']"
121,122,"Публичное акционерное общество ""ОДК-Сатурн""","['ОДК-Сатурн', 'SATR', 'Сатурн', 'ОДК Сатурн', 'ОДК-Сатурн', 'ОДК_Сатурн']"
122,123,"Публичное акционерное общество ""ОР""","['ОР', 'ORUP', 'ОР ГРУПП', 'ПАО ОР']"
123,124,"Публичное акционерное общество ""Павловский автобус""","['Павловский автобус', 'paza', 'Павловский автобус', 'Павл Автобус', 'ПавлБус']"
124,125,"Публичное акционерное общество ""Пермская энергосбытовая компания""","['Пермская энергосбытовая компания', 'PMSBP', 'PMSB', 'ПЕРМЭНЕРГОСБЫТ', 'ПЕРМЭНЕРГОСБЫТа', 'Пермская энергосбытовая компания']"
125,126,"Публичное акционерное общество ""ПИК-специализированный застройщик""","['ПИК-специализированный застройщик', 'PIKK RX', 'ПИК СЗ', 'ПИК']"
126,127,"Публичное акционерное общество ""Полюс""","['Полюс', 'PLZL RX', 'Полюса']"
127,128,"Публичное акционерное общество ""Ракетно-космическая корпорация ""Энергия"" имени С.П. Королёва""","['Ракетно-космическая корпорация ""Энергия"" имени С.П. Королёва', 'RKKE', 'Энергия', 'РКК Энергия', 'РКК «Энергия»']"
128,129,"Публичное акционерное общество ""Распадская""","['Распадская', 'RASP RX', 'ПАО «Распадская»', 'Распадская']"
129,130,"Публичное акционерное общество ""РБК""","['РБК', 'RBCM', 'РосБизнесКонсалтинг', 'ГК «РосБизнесКонсалтинг»', 'Рос Бизнес Консалтинг']"
130,131,"Публичное акционерное общество ""РН-Западная Сибирь""","['РН-Западная Сибирь', 'CHGZ', 'РН-Западная Сибирь']"
131,132,"Публичное акционерное общество ""Росгосстрах Банк""","['Росгосстрах Банк', 'RGSC', 'Росгосстрах Банк', 'Банк Росгосстрах', 'РГС Банк', 'Росгосстрах', 'Росгосстраха']"
132,133,"Публичное акционерное общество ""РОСИНТЕР РЕСТОРАНТС ХОЛДИНГ""","['РОСИНТЕР РЕСТОРАНТС ХОЛДИНГ', 'ROST', 'РОСИНТЕР РЕСТОРАНТС ХОЛДИНГ', 'РОСИНТЕР', 'Rosinter']"
133,134,"Публичное акционерное общество ""Россети Волга""","['Россети Волга', 'mrkv', 'Россети Волга']"
134,135,"Публичное акционерное общество ""Россети Кубань""","['Россети Кубань', 'kube', 'Россети Кубань']"
135,136,"Публичное акционерное общество ""Россети Ленэнерго""","['Россети Ленэнерго', 'lsng', 'Россети Ленэнерго']"
136,137,"Публичное акционерное общество ""Россети Московский регион""","['Россети Московский регион', 'MSRS', 'Россети Московский регион']"
137,138,"Публичное акционерное общество ""Россети Северный Кавказ""","['Россети Северный Кавказ', 'MRKK', 'Россети Северный Кавказ']"
138,139,"Публичное акционерное общество ""Россети Сибирь""","['Россети Сибирь', 'MRKS', 'Россети Сибирь']"
139,140,"Публичное акционерное общество ""Россети Юг""","['Россети Юг', 'MRKY']"
140,141,"Публичное акционерное общество ""Российские сети""","['Российские сети', 'RSTI RX', 'Российские сети']"
141,142,"Публичное акционерное общество ""Ростелеком""","['Ростелеком', 'RTKM RX', 'ростелекома']"
142,143,"Публичное акционерное общество ""Русгрэйн Холдинг""","['Русгрэйн Холдинг', 'RUGR']"
143,144,"Публичное акционерное общество ""Русолово""","['Русолово', 'ROLO']"
144,145,"Публичное акционерное общество ""Русполимет""","['Русполимет', 'RUSP']"
145,146,"Публичное акционерное общество ""Рязанская энергетическая сбытовая компания""","['Рязанская энергетическая сбытовая компания', 'RZSB']"
146,147,"Публичное акционерное общество ""Саратовский нефтеперерабатывающий завод""","['Саратовский нефтеперерабатывающий завод', 'KRKN', 'KRKNP']"
147,148,"Публичное акционерное общество ""Саратовэнерго""","['Саратовэнерго', 'SAREP', 'SARE', 'Саратовэнерго']"
148,149,"Публичное акционерное общество ""САФМАР Финансовые инвестиции""","['САФМАР Финансовые инвестиции', 'SFIN RX']"
149,150,"Публичное акционерное общество ""Сбербанк России""","['Сбербанк России', 'SBER RX', 'Sberbank', 'Sber', 'сбербанк', 'сбер', 'сбербанка', 'сбера']"
150,151,"Публичное акционерное общество ""Светофор Групп""","['Светофор Групп', 'SVET', 'Светофор Групп', 'Группа светофор', 'Светофор', 'Светофора']"
151,152,"Публичное акционерное общество ""Северсталь""","['Северсталь', 'CHMF RX', 'северстали']"
152,153,"Публичное акционерное общество ""Селигдар""","['Селигдар', 'SELG', 'селигдара']"
153,154,"Публичное Акционерное Общество ""Сибирский гостинец""","['Сибирский гостинец', 'SIBG']"
154,155,"Публичное акционерное общество ""Славнефть - Мегионнефтегаз""","['Славнефть - Мегионнефтегаз', 'MFGS', 'Славнефть-Мегионнефтегаз']"
155,156,"Публичное акционерное общество ""Славнефть-Ярославнефтеоргсинтез""","['Славнефть-Ярославнефтеоргсинтез', 'Славнефть - Ярославнефтеоргсинтез', 'JNOS', 'JNOSP']"
156,157,"Публичное акционерное общество ""Современный коммерческий флот""","['Современный коммерческий флот', 'FLOT RX', 'совкомфлот', 'совкомфлота']"
157,158,"Публичное акционерное общество ""СОЛЛЕРС""","['СОЛЛЕРС', 'SVAV RX', 'соллерса', 'sollers', 'северсталь-авто']"
158,159,"Публичное акционерное общество ""Ставропольэнергосбыт""","['Ставропольэнергосбыт', 'STSB', 'Ставропольэнергосбыта']"
159,160,"Публичное акционерное общество ""Сургутнефтегаз""","['Сургутнефтегаз', 'SNGS RX', 'сургутнефтегаза']"
160,161,"Публичное акционерное общество ""Таганрогский котлостроительный завод ""Красный котельщик""","['Красный котельщик', 'KRKOP', 'ткз Красный котельщик', 'ткз ""Красный котельщик""', 'Красного котельщика', 'PJSC Krasny Kotelshchik', 'Krasny Kotelshchik']"
161,162,"Публичное акционерное общество ""Тамбовская энергосбытовая компания""","['Тамбовская энергосбытовая компания', 'TASBP', 'Тамбовэнергосбыт', 'Тамбовская энергосбытовая компания', 'TASB']"
162,163,"Публичное акционерное общество ""Татнефть"" имени В.Д. Шашина","['Татнефть', 'TATN RX', 'Татнефть', 'Tatneft', 'Татнефти']"
163,164,"Публичное акционерное общество ""Таттелеком""","['Таттелеком', 'TTLK', 'Таттелеком', 'tattelecom', 'Таттелекома']"
164,165,"Публичное акционерное общество ""Территориальная генерирующая компания № 14""","['Территориальная генерирующая компания №14', 'TGKN', 'ТГК-14', 'TGC-14', 'TGK-14']"
165,166,"Публичное акционерное общество ""Территориальная генерирующая компания №1""","['Территориальная генерирующая компания №1', 'TGKA', 'ТГК-1', 'TGC-1', 'TGK-1']"
166,167,"Публичное акционерное общество ""Территориальная генерирующая компания №2""","['Территориальная генерирующая компания №2', 'TGKB', 'ТГК-2', 'TGC-2', 'TGK-2']"
167,168,"Публичное акционерное общество ""ТНС энерго Воронеж""","['ТНС энерго Воронеж', 'VRSB', 'ТНС энерго Воронеж', 'VRSBP']"
168,169,"Публичное акционерное общество ""ТНС энерго Кубань""","['ТНС энерго Кубань', 'KBSB', 'ТНС энерго Кубань', 'KBSBP', 'KBSBP']"
169,170,"Публичное акционерное общество ""ТНС энерго Марий Эл""","['ТНС энерго Марий Эл', 'MISB', 'ТНС энерго Марий Эл', 'MISBP']"
170,171,"Публичное акционерное общество ""ТНС энерго Нижний Новгород""","['ТНС энерго Нижний Новгород', 'NNSB', 'ТНС энерго Нижний Новгород', 'NNSB', 'ТНС энерго Нижний Новг', 'NNSBP']"
171,172,"Публичное акционерное общество ""ТНС энерго Ростов-на-Дону""","['ТНС энерго Ростов-на-Дону', 'RTSB', 'ТНС энерго Ростов-на-Дону', 'RTSB', 'ТНС энерго Ростов', 'RTSBP']"
172,173,"Публичное акционерное общество ""ТНС энерго Ярославль""","['ТНС энерго Ярославль', 'YRSB', 'ТНС энерго Ярославль', 'YRSB', 'YRSBP']"
173,174,"Публичное акционерное общество ""Томская распределительная компания""","['Томская распределительная компания', 'TORS', 'Томская распределительная компания', 'Россети Томск', 'ТРК', 'TORS']"
174,175,"Публичное акционерное общество ""Транснефть""","['Транснефть', 'TRNFP RX', 'Транснефть', 'transneft', 'транснефти']"
175,176,"Публичное акционерное общество ""ТрансФин-М""","['ТрансФин-М', 'TRFM', 'ТрансФин', 'transfin', 'ТрансФина']"
176,177,"Публичное акционерное общество ""Трубная Металлургическая Компания""","['Трубная Металлургическая Компания', 'TRMK RX', 'ТМК', 'OAO TMK', 'TMK', 'Трубная Металлургическая Компания']"
177,178,"Публичное акционерное общество ""Туймазинский завод автобетоновозов""","['Туймазинский завод автобетоновозов', 'TUZA', 'ПАО «ТЗА»', 'ПАО ТЗА', 'тза', 'Туймазинский завод автобетоновозов', 'не TZA -- есть американский тикер']"
178,179,"Публичное акционерное общество ""Тучковский комбинат строительных материалов""","['Тучковский комбинат строительных материалов', 'TUCH', 'Тучковский КСМ', 'ТКСМ']"
179,180,"Публичное акционерное общество ""Угольная компания ""Южный Кузбасс""","['Южный Кузбасс', 'UKUZ', 'ПАО «Южный Кузбасс»', 'ПАО Южный Кузбасс', 'Southern Kuzbass Coal Company', 'Южный Кузбасс']"
180,181,"ПУБЛИЧНОЕ АКЦИОНЕРНОЕ ОБЩЕСТВО ""УПРАВЛЯЮЩАЯ КОМПАНИЯ ""АРСАГЕРА""","['АРСАГЕРА', 'ARSA', 'ARSA', 'Арсагера', 'arsagera(не встречал упоминаний)']"
181,182,"Публичное акционерное общество ""Уралкалий""","['Уралкалий', 'URKA RX', 'uralkali', 'Уралкалий', 'URKA']"
182,183,"Публичное акционерное общество ""Уральская кузница""","['Уральская кузница', 'URKZ', 'Уральская кузница', 'Urals Stampings Plant']"
183,184,"Публичное акционерное общество ""Фармсинтез""","['Фармсинтез', 'LIFE', 'Фармсинтез', 'Pharmsynthez', 'Фарм-синтез', 'ПАО Фармсинтез']"
184,185,"Публичное акционерное общество ""Федеральная гидрогенерирующая компания - РусГидро""","['Федеральная гидрогенерирующая компания - РусГидро', 'HYDR RX', 'Русгидро', 'RusHydro', 'ПАО РусГидро']"
185,186,"Публичное акционерное общество ""Федеральная сетевая компания Единой энергетической системы""","['Федеральная сетевая компания Единой энергетической системы', 'FEES RX', 'rosseti', 'Россети ФСК ЕЭС', 'AO FGC UES', 'россети', 'ПАО Россети', 'ПАО ФСК ЕЭС', 'ФСК ЕЭС']"
186,187,"Публичное акционерное общество ""ФосАгро""","['ФосАгро', 'PHOR RX', 'Фосагро', 'Phosagro']"
187,188,"Публичное акционерное общество ""Химпром""","['Химпром', 'HIMCP RX', 'Химпром', 'himprom', 'ПАО Химпром']"
188,189,"Публичное акционерное общество ""Центр международной торговли""","['Центр международной торговли', 'WTCM RX', 'ЦМТ', 'WTC', 'Центр международной торговли', 'World trade center']"
189,190,"Публичное акционерное общество ""Центр по перевозке грузов в контейнерах ""ТрансКонтейнер""","['ТрансКонтейнер', 'TRCN RX', 'Трансконтейнер', 'Transcontainer', 'ПАО Трансконейнер']"
190,191,"Публичное акционерное общество ""Центральный телеграф""","['Центральный телеграф', 'CNTL RX', 'Центральный телеграф', 'Central Telegraph', 'ПАО Центральный телеграф']"
191,192,"Публичное акционерное общество ""Челябинский завод профилированного стального настила""","['Челябинский завод профилированного стального настила', 'PRFN RX', 'ЧЗПСН-Профнастил', 'ПАО ЧЗПСН-Профнастил', 'Челябинский завод профилированного стального настила']"
192,193,"Публичное акционерное общество ""Челябинский кузнечно-прессовый завод""","['Челябинский кузнечно-прессовый завод', 'CKPZ RX', 'ЧКПЗ', 'OAO Chelyabinsk Forge-and-Press Plant', 'ПАО Челябинский кузнечно-прессовый завод']"
193,194,"Публичное акционерное общество ""Челябинский металлургический комбинат""","['Челябинский металлургический комбинат', 'CHMK RX', 'ЧМК', 'Chelyabinsk Metallurgical Plant', 'ПАО ЧМК', 'Челябинский металлургический комбинат', 'ChMK']"
194,195,"Публичное акционерное общество ""Челябинский трубопрокатный завод""","['Челябинский трубопрокатный завод', 'CHEP RX', 'ЧТПЗ', 'Chelyabinsk Pipe Rolling Plant', 'ПАО ЧТПЗ', 'Челябинский трубопрокатный завод']"
195,196,"Публичное акционерное общество ""Электроцинк""","['Электроцинк', 'ELTZ RX', 'Электроцинк', 'Electrozink', 'ПАО Электроцинк']"
196,197,"Публичное акционерное общество ""Энел Россия""","['Энел Россия', 'ENRU RX', 'Энел Россия', 'Enel Russia', 'ПАО Энел Россия', 'elfv']"
197,198,"Публичное акционерное общество ""Южно-Уральский никелевый комбинат""","['Южно-Уральский никелевый комбинат', 'UNKL RX', 'Южуралникель', 'Unickel', 'Комбинат Южуралникель', 'ПАО Комбинат Южуралникель']"
198,199,"Публичное акционерное общество ""Юнипро""","['Юнипро', 'UPRO RX', 'Юнипро', 'unipro', 'ПАО Юнипро']"
199,200,"Публичное акционерное общество ""Якутская топливно-энергетическая компания""","['Якутская топливно-энергетическая компания', 'YAKG RX', 'ЯТЭК', 'Yatec', 'Якутская топливно-энергетическая компания', 'ПАО Якутская топливно-энергетическая компания']"
200,201,"Публичное акционерное общество ""Якутскэнерго""","['Якутскэнерго', 'YKEN RX', 'Якутскэнерго', 'Yakutskenergo', 'ПАО Якутскэнерго']"
201,202,"Публичное акционерное общество Банк ""Возрождение""","['Возрождение', 'VZRZ RX', 'Банк Возрождение', 'Vozrozhdenie Bank', 'ПАО Банк Возрождение']"
202,203,"Публичное акционерное общество Банк ""Кузнецкий""","['Кузнецкий', 'KUZB RX', 'Банк Кузнецкий', 'kuzbank', 'ПАО Банк Кузнецкий']"
203,204,"Публичное акционерное общество Группа компаний ""Сегежа""","['Сегежа', 'SGZH RX', 'сегежа', 'segezha', 'Сегежа групп', 'Segezha Group']"
204,205,"Публичное акционерное общество Группа компаний ""ТНС энерго""","['ТНС энерго', 'TNSE RX', 'ТНС энерго', 'TNS energo', 'ПАО ГК ТНС энерго']"
205,206,"Публичное акционерное общество Завод экологической техники и экопитания ""ДИОД""","['ДИОД', 'DIOD RX', 'Диод', 'DIOD Plant of Ecological Technics and Ecomeals', 'ПАО Диод', 'Завод экологической техники и экопитания Диод']"
206,207,Публичное акционерное общество МОСКОВСКИЙ ОБЛАСТНОЙ БАНК,"['МОСКОВСКИЙ ОБЛАСТНОЙ БАНК', 'MOBB']"
207,208,"Публичное акционерное общество Научно-производственное объединение ""Наука""","['Научно-производственное объединение ""Наука""', 'NAUK', 'nauka']"
208,209,"Публичное акционерное общество Нефтегазовая компания ""РуссНефть""","['РуссНефть', 'RNFT', 'РуссНефти']"
209,210,Публичное акционерное общество Объединенные машиностроительные заводы (Группа Уралмаш-Ижора),"['Уралмаш-Ижора', 'OMZZP', 'OMZZ']"
210,211,Публичное акционерное общество РОСБАНК,"['РОСБАНК', 'ROSB', 'РОСБАНКа']"
211,212,"Публичное акционерное общество Страховая Компания ""Росгосстрах""","['Росгосстрах', 'RGSS', 'Росгосстраха']"
212,213,"Публичное акционерное общество энергетики и электрификации ""Камчатскэнерго""","['Камчатскэнерго', 'KCHEP', 'KCHE']"
213,214,"Публичное акционерное общество энергетики и электрификации ""Магаданэнерго""","['Магаданэнерго', 'MAGEP', 'MAGE']"
214,215,"Публичное акционерное общество энергетики и электрификации ""Мосэнерго""","['Мосэнерго', 'MSNG', 'мосэнерго', 'московская энергетическая компания']"
215,216,"Публичное акционерное общество энергетики и электрификации ""Самараэнерго""","['Самараэнерго', 'SAGO', 'самарэнерго']"
216,217,"Публичное акционерное общество энергетики и электрификации ""Сахалинэнерго""","['Сахалинэнерго', 'SLEN', 'сахалинэнерго']"
217,218,ETALON GROUP PLC (ЭТАЛОН ГРУП ПИЭЛСИ) (эмитент депозитарных расписок - The Bank of New York Mellon (Бэнк оф Нью Йорк Меллон)),"['ЭТАЛОН ГРУП', 'ETLN LI', 'Эталон Груп', 'Группа Эталон', 'эталон']"
218,219,Fix Price Group Ltd (Фикс Прайс Груп Лтд) (эмитент депозитарных расписок - The Bank of New York Mellon (Бэнк оф Нью Йорк Меллон)),"['Fix Price', 'FIXP RX', 'Fix Price', 'FixPrice', 'фикс прайс', 'фикспрайс', 'фикс прайса', 'фикспрайса']"
219,220,Globaltrans Investment PLC (Глобалтранс Инвестмент ПЛС) (эмитент депозитарных расписок - Citibank N.A. (Ситибэнк Эн.Эй)),"['Globaltrans Investment', 'GLTR LI', 'Globaltrans', 'Глобалтранс']"
220,221,"HeadHunter Group PLC (ХэдХантер Групп ПИЭЛСИ) (эмитент депозитарных расписок - JPMorgan Chase Bank, N.A. (ДжиПиМорган Чейз Банк, Эн.Эй))","['HeadHunter', 'HHRU RX', 'Headhunter', 'hhru', 'ххру', 'hh.ru', 'хх.ру', 'хэдхантер', 'хэдхантера']"
221,222,HMS HYDRAULIC MACHINES & SYSTEMS GROUP PLC (ГМС ГИДРАВЛИК МАШИНС ЭНД СИСТЕМС ГРУП ПЛС) (эмитент депозитарных расписок - The Bank of New York Mellon (Бэнк оф Нью Йорк Меллон)),"['HMS HYDRAULIC MACHINES & SYSTEMS', 'HMSG']"
222,223,Mail.ru Group Limited (Мэйл.ру Груп Лимитед) (эмитент депозитарных расписок - Citibank N.A. (Ситибэнк Эн.Эй)),"['Mail.ru', 'MAIL LI', 'VKCO', 'Вконтакте', 'ВК', 'VK Group', 'vk', 'vkontakte']"
223,224,"MD MEDICAL GROUP INVESTMENTS PLC (МД МЕДИКАЛ ГРУП ИНВЕСТМЕНТС ПЛС) (эмитент депозитарных расписок - JPMorgan Chase Bank, N.A. (ДжиПиМорган Чейз Банк, Эн.Эй))","['MD MEDICAL', 'MDMG RX', 'MD Medical']"
224,225,"TCS Group Holding PLC (ТиСиЭс Груп Холдинг ПиЭлСи) (эмитент депозитарных расписок - JPMorgan Chase Bank, N.A. (ДжиПиМорган Чейз Банк, Эн.Эй))","['TCS Group Holding', 'TCS LI', 'TCSG', 'TCS Group', 'Tinkoff', 'Тинькофф', 'тинёк', 'тинек']"
225,226,АО О'КЕЙ ГРУПП (эмитент депозитарных расписок - The Bank of New York Mellon (Бэнк оф Нью Йорк Меллон)),"[""О'КЕЙ"", 'OKEY RX', 'okey']"
226,227,Икс 5 Ритейл Груп Н.В. (X5 Retail Group N.V.) (эмитент депозитарных расписок - The Bank of New York Mellon (Бэнк оф Нью Йорк Меллон)),"['X5 Retail', 'FIVE LI', 'Х5 групп', 'X5 Group', 'X5']"
227,228,КИВИ ПиЭлСи (QIWI PLC) (эмитент депозитарных расписок - The Bank of New York Mellon (Бэнк оф Нью Йорк Меллон)),"['QIWI', 'QIWI RX', 'АО Киви', 'киви']"
228,229,"Международная компания публичное акционерное общество ""Лента"" (эмитент депозитарных расписок - Deutsche Bank Trust Company Americas (Дойче Банк Траст Кампани Америкас))","['Лента', 'LNTA', 'LENT', 'lenta', 'Ленты']"
229,230,Озон Холдингс ПиЭлСи (эмитент депозитарных расписок - The Bank of New York Mellon (Бэнк оф Нью Йорк Меллон)),"['Озон', 'OZON RX', 'ozon', 'Озона']"
230,231,РОС АГРО ПЛС (ROS AGRO PLC) (эмитент депозитарных расписок - The Bank of New York Mellon (Бэнк оф Нью Йорк Меллон)),"['РОС АГРО', 'AGRO RX', 'Русагро', 'Rusagro']"
231,232,Nord Gold PLC (Норд Голд ПЛК),"['Nord Gold', 'RTSD']"
232,233,UNITED MEDICAL GROUP CY PLC (ЮНАЙТЕД МЕДИКАЛ ГРУП КИ ПИЭЛСИ) (эмитент депозитарных расписок - The Bank of New York Mellon Corporation (Зе Бэнк оф Нью Йорк Меллон Корпорэйшн)),"['UNITED MEDICAL GROUP', 'NORD', 'Nordgold']"
233,234,Petropavlovsk PLC (Петропавловск ПЛК),"['Petropavlovsk', 'POGR', 'Petropavl', 'Петропавловск']"
234,235,Полиметалл Интернэшнл плс (Polymetal International plc),"['Полиметалл Интернэшнл', 'POLY RX', 'polymetal', 'полиметалл']"
235,236,Публичная Компания с ограниченной ответственностью Яндекс Н.В. (Public Limited Liability Company Yandex N.V.),"['Яндекс', 'YNDX RX', 'Яндекс', 'Yandex', 'яша', 'яшы', 'Яндекса']"
236,237,Softline Holding Limited (эмитент депозитарных расписок - The Bank of New York Mellon Corporation (Зе Бэнк оф Нью Йорк Меллон Корпорэйшн)),"['Softline', 'SFTL', 'softline', 'софтлайн', 'Noventiq', 'софтлайна']"
237,240,VEON Ltd.,"['VEON', 'VEON', 'ВЕОН', 'ВЕОНа']"
238,241,"Публичное акционерное общество ""Группа Позитив""","['Группа Позитив', 'POSI', 'Positive tech', 'группа позитив', 'гр. Позитив', 'Positive Group']"
239,251,Cian PLC (эмитент депозитарных расписок - The Bank of New York Mellon),"['Циан', 'CIAN', 'cian', 'циана']"
240,254,"Публичное акционерное общество ""ВУШ Холдинг""","['ВУШ Холдинг', 'WUSH', 'Whoosh', 'Вуш', 'Вуша']"
241,255,"Публичное акционерное общество ""СПБ Биржа""","['СПБ Биржа', 'SPBE', 'СПБ Биржа', 'СПБ Биржи']"
242,257,Global Ports,"['Global Ports', 'GLPR', 'Globalports', 'Глобалпортс']"
243,267,"Публичное акционерное общество ""Группа Ренессанс Страхование""","['Ренессанс Страхование', 'RENI', 'Ренессанс Страхование', 'Ренессанс Страхования']"
244,258,Astra Linux,"['Astra Linux', 'ASTR', 'Гк Астра', 'Группа Астра', 'Astra', 'Астра', 'Астра линукс', 'Астра линукса']"
245,261,INARCTICA,"['INARCTICA', 'AQUA', 'Инарктика', 'Русское море', 'Русская аквакультура', 'Аквакультура']"
246,265,ЮЖУРАЛЗОЛОТО,"['ЮЖУРАЛЗОЛОТО', 'UGLD', 'ЮГК']"
247,266,Artgen biotech,"['Artgen biotech', 'ABIO', 'Артген Биотех', 'Артген', 'iАРТГЕН']"
248,268,Генетико,"['Генетико', 'GECO', 'Genetico', 'iГенетико']"
249,269,CarMoney,"['CarMoney', 'CARM', 'Смарттехгрупп', 'ПАО ""СТГ""']"
250,270,Henderson,"['Henderson', 'HNFG', 'Хендерсон', 'Хендерсона']"
251,271,Совкомбанк,"['Совкомбанк', 'SVCB', 'Sovcombank', 'Совкомбанка']"
252,272,ЕвроТранс,"['ЕвроТранс', 'EUTR', 'АЗС Трасса', 'АЗС ""Трасса""', 'АЗС «Трасса»']"
253,273,Делимобиль,"['Делимобиль', 'DELI', 'Делимобил', 'Каршеринг Рус', 'delimobil', 'ПАО ""Каршеринг Руссия""', '""Каршеринг Руссия"", ПАО', 'Делимобиля', 'Каршеринг Руссия']"
254,274,Диасофт,"['Диасофт', 'DIAS', 'Diasoft', 'Диасофта']"
